-- DB/CREATURE: Northwatch Scout Fix all things about this creature (http://www.wowhead.com/npc=39317)
-- Northwatch Scout They are neutral and pikcpoket loot (http://www.wowhead.com/npc=39317)
UPDATE `creature_template` SET `faction_A`='7', `faction_H`='7', `pickpocketloot`='39317' WHERE `entry`='39317';

-- DB/SAI: Northwatch Scout miss SAI for this creature (http://www.wowhead.com/npc=39317)
SET @ENTRY := 39317;
SET @SOURCETYPE := 0;

DELETE FROM `smart_scripts` WHERE `entryorguid`=@ENTRY AND `source_type`=@SOURCETYPE;
UPDATE creature_template SET AIName="SmartAI" WHERE entry=@ENTRY LIMIT 1;
INSERT INTO `smart_scripts` (`entryorguid`,`source_type`,`id`,`link`,`event_type`,`event_phase_mask`,`event_chance`,`event_flags`,`event_param1`,`event_param2`,`event_param3`,`event_param4`,`action_type`,`action_param1`,`action_param2`,`action_param3`,`action_param4`,`action_param5`,`action_param6`,`target_type`,`target_param1`,`target_param2`,`target_param3`,`target_x`,`target_y`,`target_z`,`target_o`,`comment`) VALUES 
(@ENTRY,@SOURCETYPE,0,0,1,0,100,0,1,1,80000,90000,11,58506,0,0,0,0,0,1,0,0,0,0.0,0.0,0.0,0.0,"In ooc - Cast Stealth "),
(@ENTRY,@SOURCETYPE,1,0,9,0,100,0,3000,4000,18000,19000,11,6660,0,0,0,0,0,2,0,0,0,0.0,0.0,0.0,0.0,"On range cast Shoot"),
(@ENTRY,@SOURCETYPE,2,0,0,0,100,0,5000,6000,18000,19000,11,79584,0,0,0,0,0,2,0,0,0,0.0,0.0,0.0,0.0,"On ICC Cast Fan of Knives");

DELETE FROM `creature` WHERE `id`=39317;
INSERT INTO `creature` (`guid`,`id`,`map`,`spawnMask`,`phaseMask`,`modelid`,`equipment_id`,`position_x`,`position_y`,`position_z`,`orientation`,`spawntimesecs`,`spawndist`,`currentwaypoint`,`curhealth`,`curmana`,`DeathState`,`MovementType`,`npcflag`,`unit_flags`,`dynamicflags`) VALUES
(238912, 39317, 1, 1, 1, 31371, 39317, -789.643, -4280.66, 55.2151, 0.129097, 600, 0, 0, 42, 0, 0, 0, 0, 0, 0),
(239497, 39317, 1, 1, 1, 31371, 39317, -684.373, -4153.57, 35.9444, 4.47303, 600, 3, 0, 42, 0, 0, 1, 0, 0, 0),
(239099, 39317, 1, 1, 1, 31371, 39317, -630.917, -4317.15, 51.1285, 0.558505, 600, 10, 0, 55, 0, 0, 1, 0, 0, 0),
(239552, 39317, 1, 1, 1, 31371, 39317, -754.737, -4346.2, 51.0087, 2.08439, 600, 10, 0, 55, 0, 0, 1, 0, 0, 0),
(239697, 39317, 1, 1, 1, 31371, 39317, -747.927, -4281.58, 43.8872, 0.466795, 600, 10, 0, 42, 0, 0, 1, 0, 0, 0),
(239758, 39317, 1, 1, 1, 31371, 39317, -733.84, -4353.8, 54.1963, 0.370221, 600, 3, 0, 0, 0, 0, 1, 0, 0, 0),
(239783, 39317, 1, 1, 1, 31371, 39317, -838.004, -4290.43, 76.403, 1.50982, 600, 0, 0, 55, 0, 0, 0, 0, 0, 0),
(239879, 39317, 1, 1, 1, 31371, 39317, -638.729, -4335.87, 53.4864, 0.10472, 600, 10, 0, 55, 0, 0, 1, 0, 0, 0),
(240453, 39317, 1, 1, 1, 31371, 39317, -685.196, -4321.2, 46.4384, 0.752692, 600, 10, 0, 0, 0, 0, 1, 0, 0, 0),
(240734, 39317, 1, 1, 1, 31371, 39317, -750.576, -4218.28, 42.1002, 0.467828, 600, 10, 0, 42, 0, 0, 1, 0, 0, 0),
(240794, 39317, 1, 1, 1, 31371, 39317, -717.586, -4257.17, 41.7339, 5.47316, 600, 0, 0, 55, 0, 0, 0, 0, 0, 0),
(240864, 39317, 1, 1, 1, 31371, 39317, -782.826, -4254.13, 53.3641, 3.67045, 600, 10, 0, 42, 0, 0, 1, 0, 0, 0),
(240977, 39317, 1, 1, 1, 31371, 39317, -752.238, -4314.34, 41.5436, 5.17183, 600, 10, 0, 42, 0, 0, 1, 0, 0, 0),
(241193, 39317, 1, 1, 1, 31371, 39317, -777.307, -4290.01, 51.1252, 0.118087, 600, 0, 0, 42, 0, 0, 0, 0, 0, 0),
(241415, 39317, 1, 1, 1, 31371, 39317, -691.962, -4110.71, 30.1806, 5.74077, 600, 2, 0, 42, 0, 0, 1, 0, 0, 0),
(241422, 39317, 1, 1, 1, 31371, 39317, -755.766, -4246.86, 44.9841, 5.32736, 600, 10, 0, 55, 0, 0, 1, 0, 0, 0),
(241469, 39317, 1, 1, 1, 31371, 39317, -704.342, -4235.81, 42.1492, 5.39307, 600, 0, 0, 55, 0, 0, 0, 0, 0, 0),
(241564, 39317, 1, 1, 1, 31371, 39317, -710.392, -4218.52, 39.7475, 0.221236, 600, 10, 0, 55, 0, 0, 1, 0, 0, 0),
(241569, 39317, 1, 1, 1, 31371, 39317, -726.643, -4281.81, 44.8203, 6.18001, 600, 0, 0, 42, 0, 0, 0, 0, 0, 0),
(241698, 39317, 1, 1, 1, 31371, 39317, -720.615, -4304.78, 44.9389, 0.349066, 600, 0, 0, 38, 0, 0, 0, 0, 0, 0),
(241860, 39317, 1, 1, 1, 31371, 39317, -707.491, -4133.07, 30.0571, 0.43383, 600, 4, 0, 55, 0, 0, 1, 0, 0, 0),
(241996, 39317, 1, 1, 1, 31371, 39317, -712.601, -4145.7, 30.1944, 2.72085, 600, 10, 0, 55, 0, 0, 1, 0, 0, 0),
(242165, 39317, 1, 1, 1, 31371, 39317, -744.966, -4190.15, 30.1002, 3.46724, 600, 10, 0, 55, 0, 0, 1, 0, 0, 0),
(242272, 39317, 1, 1, 1, 31371, 39317, -816.114, -4281.87, 64.4613, 3.25969, 600, 3, 0, 55, 0, 0, 1, 0, 0, 0),
(242321, 39317, 1, 1, 1, 31371, 39317, -692.079, -4264.8, 38.6641, 0.425401, 600, 10, 0, 55, 0, 0, 1, 0, 0, 0),
(242329, 39317, 1, 1, 1, 31371, 39317, -674.564, -4295.48, 42.8926, 0.715585, 600, 0, 0, 0, 0, 0, 0, 0, 0, 0),
(242420, 39317, 1, 1, 1, 31371, 39317, -680.746, -4357.55, 44.603, 3.0476, 600, 10, 0, 0, 0, 0, 1, 0, 0, 0),
(242483, 39317, 1, 1, 1, 31371, 39317, -776.467, -4324.76, 55.3505, 3.25184, 600, 3, 0, 42, 0, 0, 1, 0, 0, 0),
(238909, 39317, 1, 1, 1, 31371, 39317, -741.405, -4157.22, 30.1076, 5.67117, 600, 10, 0, 42, 0, 0, 1, 0, 0, 0),
(242525, 39317, 1, 1, 1, 31371, 39317, -717.191, -4181.19, 30.0495, 2.57011, 600, 4, 0, 42, 0, 0, 1, 0, 0, 0),
(127, 39317, 1, 1, 1, 0, 39317, -664.525, -4303.73, 43.3733, 0.894871, 300, 0, 0, 55, 0, 0, 0, 0, 0, 0),
(126, 39317, 1, 1, 1, 0, 39317, -770.635, -4370.63, 68.1303, 0.884657, 300, 0, 0, 55, 0, 0, 0, 0, 0, 0);

-- Some addons for a few guids
DELETE FROM `creature_addon` WHERE `guid` IN (241569,241698,242329,126,127);
INSERT INTO `creature_addon` (`guid`, `path_id`, `mount`, `bytes1`, `bytes2`, `emote`, `auras`) VALUES 
(241569, 0, 0, 8, 1, 0, ''),
(241698, 0, 0, 8, 1, 0, ''),
(242329, 0, 0, 8, 1, 0, ''),
(126, 0, 0, 8, 1, 0, ''),
(127, 0, 0, 8, 1, 0, '');

-- VISUAL: Northwatch Scout Waypoints and enotes Taking from oficial (http://www.wowhead.com/npc=39317)
-- Set wp for creature
DELETE FROM `creature_addon` WHERE (`guid`=241193);
INSERT INTO `creature_addon` (`guid`, `path_id`, `mount`, `bytes1`, `bytes2`, `emote`, `auras`) VALUES 
(241193, '241193', 0, 0, 1, 0, '');

-- Waypoint movement type
UPDATE `creature` SET `MovementType`='2' WHERE `guid`='241193';

-- Waypoint data
DELETE FROM `waypoint_data` WHERE `id`='241193';
INSERT INTO `waypoint_data` (`id`, `point`, `position_x`, `position_y`, `position_z`, `delay`, `move_flag`, `action`, `action_chance`, `wpguid`) VALUES
('241193','1','-777.076','-4290.07','51.0214','0','0','0','100','0'),
('241193','2','-773.696','-4289.16','49.1771','0','0','0','100','0'),
('241193','3','-763.452','-4286.9','46.3658','0','0','0','100','0'),
('241193','4','-753.08','-4285.27','44.4763','0','0','0','100','0'),
('241193','5','-746.166','-4284.18','43.2808','0','0','0','100','0'),
('241193','6','-738.622','-4282.38','42.1123','0','0','0','100','0'),
('241193','7','-733.484','-4278.11','41.3808','0','0','0','100','0'),
('241193','8','-729.938','-4274.25','41.203','0','0','0','100','0'),
('241193','9','-727.385','-4268.89','41.1833','0','0','0','100','0'),
('241193','10','-726.482','-4261.97','41.3074','0','0','0','100','0'),
('241193','11','-724.927','-4255.76','39.8015','0','0','0','100','0'),
('241193','12','-725.509','-4252.35','38.6456','0','0','0','100','0'),
('241193','13','-726.775','-4246.45','38.4064','0','0','0','100','0'),
('241193','14','-726.362','-4239.46','38.4626','0','0','0','100','0'),
('241193','15','-726.359','-4235.96','38.5003','0','0','0','100','0'),
('241193','16','-726.358','-4233.27','38.5049','0','0','0','100','0'),
('241193','17','-726.903','-4237.08','38.4946','0','0','0','100','0'),
('241193','18','-727.174','-4239.68','38.4847','0','0','0','100','0'),
('241193','19','-727.285','-4243.18','38.4227','0','0','0','100','0'),
('241193','20','-727.546','-4250.18','38.4026','0','0','0','100','0'),
('241193','21','-727.511','-4255.72','38.4131','0','0','0','100','0'),
('241193','22','-725.671','-4263.42','41.3899','0','0','0','100','0'),
('241193','23','-726.86','-4269.04','41.1923','0','0','0','100','0'),
('241193','24','-728.776','-4272.31','41.1173','0','0','0','100','0'),
('241193','25','-733.235','-4277.7','41.3399','0','0','0','100','0'),
('241193','26','-737.745','-4281.38','41.9604','0','0','0','100','0'),
('241193','27','-742.793','-4283.31','42.6038','0','0','0','100','0'),
('241193','28','-748.184','-4284.77','43.6806','0','0','0','100','0'),
('241193','29','-755.125','-4285.67','44.7222','0','0','0','100','0'),
('241193','30','-762.074','-4286.52','45.9828','0','0','0','100','0'),
('241193','31','-769.051','-4287','47.5869','0','0','0','100','0'),
('241193','32','-776.049','-4287.17','50.2788','0','0','0','100','0'),
('241193','33','-781.137','-4288.02','52.593','0','0','0','100','0'),
('241193','34','-781.782','-4289.43','52.9643','0','0','0','100','0'),
('241193','35','-779.285','-4290.52','52.1092','0','0','0','100','0');

-- Set wp for creature
DELETE FROM `creature_addon` WHERE (`guid`=238912);
INSERT INTO `creature_addon` (`guid`, `path_id`, `mount`, `bytes1`, `bytes2`, `emote`, `auras`) VALUES 
(238912, '238912', 0, 0, 1, 0, '');

-- Waypoint movement type
UPDATE `creature` SET `MovementType`='2' WHERE `guid`='238912';

-- Waypoint data
DELETE FROM `waypoint_data` WHERE `id`='238912';
INSERT INTO `waypoint_data` (`id`, `point`, `position_x`, `position_y`, `position_z`, `delay`, `move_flag`, `action`, `action_chance`, `wpguid`) VALUES
('238912','1','-789.622','-4280.76','55.2228','0','0','0','100','0'),
('238912','2','-793.121','-4280.8','56.4426','0','0','0','100','0'),
('238912','3','-803.607','-4281.23','60.107','0','0','0','100','0'),
('238912','4','-810.6','-4281.24','62.6145','0','0','0','100','0'),
('238912','5','-821.077','-4280.64','66.2203','0','0','0','100','0'),
('238912','6','-829.86','-4281.54','69.3021','0','0','0','100','0'),
('238912','7','-835.256','-4282.53','71.0376','0','0','0','100','0'),
('238912','8','-844.225','-4282.61','72.509','0','0','0','100','0'),
('238912','9','-853.084','-4286.23','72.9943','0','0','0','100','0'),
('238912','10','-855.912','-4292.09','74.2464','0','0','0','100','0'),
('238912','11','-858.377','-4298.64','75.7595','0','0','0','100','0'),
('238912','12','-861.049','-4305.11','76.5892','0','0','0','100','0'),
('238912','13','-861.851','-4307.05','76.6785','0','0','0','100','0'),
('238912','14','-860.591','-4297.6','75.7806','0','0','0','100','0'),
('238912','15','-858.198','-4290.56','74.2582','0','0','0','100','0'),
('238912','16','-854.78','-4284.85','73.303','0','0','0','100','0'),
('238912','17','-847.942','-4280.7','72.9006','0','0','0','100','0'),
('238912','18','-838.467','-4279.9','72.136','0','0','0','100','0'),
('238912','19','-833.295','-4280.75','70.5484','0','0','0','100','0'),
('238912','20','-824.248','-4282.34','67.4365','0','0','0','100','0'),
('238912','21','-817.133','-4279.13','64.2915','0','0','0','100','0'),
('238912','22','-810.377','-4274.78','61.3027','0','0','0','100','0'),
('238912','23','-803.216','-4274.56','58.8835','0','0','0','100','0'),
('238912','24','-796.234','-4278.16','57.0879','0','0','0','100','0'),
('238912','25','-792.908','-4279.85','56.2313','0','0','0','100','0');

-- Creature loot fix.
DELETE FROM `creature_loot_template` WHERE (`entry`=39317);
INSERT INTO `creature_loot_template` VALUES 
(39317, 2070, 11, 1, 0, 1, 5),
(39317, 769, 8.3, 1, 0, 1, 3),
(39317, 5466, 2.8, 1, 0, 1, 2),
(39317, 23334, 1.9, 1, 0, 1, 1),
(39317, 3685, 1.8, 1, 0, 1, 1),
(39317, 50222, -2.9, 1, 0, 1, 1),
(39317, 50381, -1.8, 1, 0, 1, 1),
(39317, 21808, -1.78, 1, 0, 1, 1),
(39317, 3265, -1.68, 1, 0, 1, 1),
(39317, 52347, -1.6, 1, 0, 1, 1),
(39317, 20482, -1.4, 1, 0, 1, 1),
(39317, 3264, -1.17, 1, 0, 1, 1),
(39317, 4862, -1.13, 1, 0, 1, 1);

-- Picpocket loot
DELETE FROM `pickpocketing_loot_template` WHERE (`entry`=39317);
INSERT INTO `pickpocketing_loot_template` VALUES 
(39317, 6150, 8, 1, 0, 1, 1),
(39317, 2070, 19, 1, 0, 1, 1),
(39317, 4536, 19, 1, 0, 1, 3),
(39317, 5363, 19, 1, 0, 1, 5),
(39317, 3609, 11, 1, 0, 1, 5),
(39317, 4540, 7, 1, 0, 1, 2),
(39317, 2598, 4, 1, 0, 1, 2);

-- Deleting some no present decorations npcs
DELETE FROM `creature` WHERE `guid` IN 
(41691,240335,3424,239695);

-- VISUAL: Hares Waypoints Taking from oficial (http://www.wowhead.com/npc=5951)
-- Set wp for creature
DELETE FROM `creature_addon` WHERE (`guid`=238905);
INSERT INTO `creature_addon` (`guid`, `path_id`, `mount`, `bytes1`, `bytes2`, `emote`, `auras`) VALUES 
(238905, '238905', 0, 0, 1, 0, '');

-- Waypoint movement type
UPDATE `creature` SET `MovementType`='2' WHERE `guid`='238905';

-- Waypoint data
DELETE FROM `waypoint_data` WHERE `id`='238905';
INSERT INTO `waypoint_data` (`id`, `point`, `position_x`, `position_y`, `position_z`, `delay`, `move_flag`, `action`, `action_chance`, `wpguid`) VALUES
('238905','1','-675.281','-4273.39','38.9875','0','0','0','100','0'),
('238905','2','-677.789','-4271.2','38.8543','0','0','0','100','0'),
('238905','3','-680.141','-4267.9','38.7238','0','0','0','100','0'),
('238905','4','-682.041','-4264.96','38.6555','0','0','0','100','0'),
('238905','5','-685.84','-4259.08','38.5371','0','0','0','100','0'),
('238905','6','-688.24','-4255.37','38.4201','50000','0','0','100','0'),
('238905','7','-687.604','-4256.37','38.4495','0','0','0','100','0'),
('238905','8','-683.067','-4261.69','38.6103','0','0','0','100','0'),
('238905','9','-679.951','-4266.43','38.6837','0','0','0','100','0'),
('238905','10','-676.845','-4272.71','38.9469','0','0','0','100','0'),
('238905','11','-673.311','-4277.15','39.4391','0','0','0','100','0'),
('238905','12','-667.303','-4277.09','39.1239','0','0','0','100','0'),
('238905','13','-664.341','-4275.22','38.7525','0','0','0','100','0'),
('238905','14','-661.379','-4273.36','38.5613','0','0','0','100','0'),
('238905','15','-655.108','-4270.42','37.9253','50000','0','0','100','0'),
('238905','16','-658.368','-4271.7','38.2542','0','0','0','100','0'),
('238905','17','-664.197','-4273.81','38.6796','0','0','0','100','0'),
('238905','18','-665.097','-4274.04','38.7526','0','0','0','100','0'),
('238905','19','-667.498','-4274.23','38.8876','0','0','0','100','0'),
('238905','20','-672.557','-4273.77','39.0148','0','0','0','100','0'),
('238905','21','-674.002','-4273.59','38.9914','0','0','0','100','0');

DELETE FROM `creature` WHERE `guid`='128' AND `id`='3300';
INSERT INTO `creature` (`guid`, `id`, `map`, `spawnMask`, `phaseMask`, `modelid`, `equipment_id`, `position_x`, `position_y`, `position_z`, `orientation`, `spawntimesecs`, `spawndist`, `currentwaypoint`, `curhealth`, `curmana`, `DeathState`, `MovementType`, `npcflag`, `unit_flags`, `dynamicflags`) VALUES 
(128, 3300, 1, 1, 1, 0, 3300, -692.923, -4329.96, 46.0779, 0.385929, 300, 5, 0, 0, 0, 0, 1, 0, 0, 0);

