-- -------
-- NPCs
-- -------
-- Deleting some dosuble spanw on map
DELETE FROM `creature` WHERE `guid` IN (240592,241194,242310);

-- NPC: Vile Familiar Deleting some extra spawn and changing locs to official ones (http://www.wowhead.com/npc=3101)
DELETE FROM `creature` WHERE `id`=3101;
INSERT INTO `creature` (`guid`,`id`,`map`,`spawnMask`,`phaseMask`,`modelid`,`equipment_id`,`position_x`,`position_y`,`position_z`,`orientation`,`spawntimesecs`,`spawndist`,`currentwaypoint`,`curhealth`,`curmana`,`DeathState`,`MovementType`,`npcflag`,`unit_flags`,`dynamicflags`) VALUES
(7505, 3101, 1, 1, 1, 1185, 0, -104.031, -4250.37, 53.4397, 3.15293, 200, 2, 0, 69, 79, 0, 1, 0, 0, 0),
(6646, 3101, 1, 1, 1, 1185, 0, -149.295, -4259.93, 60.8065, 5.21439, 200, 3, 0, 69, 79, 0, 1, 0, 0, 0),
(240298, 3101, 1, 1, 1, 1185, 3101, -249.241, -4354.56, 61.3692, 2.18504, 600, 0, 0, 69, 79, 0, 0, 0, 0, 0),
(13065, 3101, 1, 1, 1, 1185, 0, -176.948, -4360.68, 68.4505, 1.53969, 200, 5, 0, 69, 79, 0, 1, 0, 0, 0),
(240343, 3101, 1, 1, 1, 1185, 3101, -298.7, -4446.67, 61.7657, 6.16607, 600, 2, 0, 83, 104, 0, 1, 0, 0, 0),
(240455, 3101, 1, 1, 1, 1185, 3101, -117.347, -4311.88, 66.0399, 3.85795, 600, 0, 0, 83, 104, 0, 2, 0, 0, 0),
(13076, 3101, 1, 1, 1, 1185, 0, -281.522, -4423.1, 56.9731, 2.59801, 200, 10, 0, 69, 79, 0, 1, 0, 0, 0),
(13073, 3101, 1, 1, 1, 1185, 0, -198.088, -4333.76, 68.3462, 5.83675, 200, 10, 0, 69, 79, 0, 1, 0, 0, 0),
(240610, 3101, 1, 1, 1, 1185, 3101, -248.718, -4384.06, 64.2567, 5.47293, 600, 2, 0, 83, 104, 0, 1, 0, 0, 0),
(12194, 3101, 1, 1, 1, 1185, 0, -210.927, -4448.35, 68.2828, 1.36713, 200, 5, 0, 69, 79, 0, 1, 0, 0, 0),
(12193, 3101, 1, 1, 1, 1185, 0, -210.65, -4419.36, 64.7843, 5.70493, 200, 10, 0, 69, 79, 0, 1, 0, 0, 0),
(240667, 3101, 1, 1, 1, 1185, 3101, -253.034, -4279.22, 61.798, 6.2635, 600, 2, 0, 83, 104, 0, 1, 0, 0, 0),
(240851, 3101, 1, 1, 1, 1185, 3101, -42.7587, -4227.56, 58.642, 0.453786, 600, 0, 0, 69, 79, 0, 0, 0, 0, 0),
(241205, 3101, 1, 1, 1, 1185, 3101, -289.662, -4306.3, 60.1323, 1.60905, 600, 2, 0, 83, 104, 0, 1, 0, 0, 0),
(241468, 3101, 1, 1, 1, 1185, 3101, -130.013, -4350.46, 66.9904, 2.3115, 600, 0, 0, 83, 104, 0, 2, 0, 0, 0),
(241655, 3101, 1, 1, 1, 1185, 3101, -256.237, -4182.66, 56.3076, 1.83756, 600, 2, 0, 69, 79, 0, 1, 0, 0, 0),
(241858, 3101, 1, 1, 1, 1185, 3101, -265.941, -4209.25, 57.2442, 0.506977, 600, 2, 0, 69, 79, 0, 1, 0, 0, 0),
(242126, 3101, 1, 1, 1, 1185, 3101, -187.439, -4383.85, 64.7451, 2.41503, 600, 2, 0, 69, 79, 0, 1, 0, 0, 0),
(242285, 3101, 1, 1, 1, 1185, 3101, -49.6256, -4222.97, 62.241, 5.60022, 600, 0, 0, 83, 104, 0, 2, 0, 0, 0),
(239979, 3101, 1, 1, 1, 1185, 3101, -215.786, -4385.7, 63.4947, 5.76139, 600, 0, 0, 69, 79, 0, 0, 0, 0, 0),
(242352, 3101, 1, 1, 1, 1185, 3101, -247.992, -4239.83, 61.9936, 0.771587, 600, 0, 0, 69, 79, 0, 0, 0, 0, 0),
(242532, 3101, 1, 1, 1, 1185, 3101, -326.454, -4307.08, 55.7826, 3.09087, 600, 0, 0, 69, 79, 0, 0, 0, 0, 0),
(242598, 3101, 1, 1, 1, 1185, 3101, -276.687, -4275.35, 59.5985, 0.835679, 600, 2, 0, 83, 104, 0, 1, 0, 0, 0),
(4706, 3101, 1, 1, 1, 1185, 0, -79.4423, -4284.5, 76.0449, 5.13539, 200, 3, 0, 69, 79, 0, 1, 0, 0, 0),
(242605, 3101, 1, 1, 1, 1185, 3101, -214.191, -4319.99, 65.0441, 2.09915, 600, 0, 0, 83, 104, 0, 0, 0, 0, 0),
(3392, 3101, 1, 1, 1, 1185, 0, -168.068, -4403.07, 77.5404, 0.585295, 200, 5, 0, 69, 79, 0, 1, 0, 0, 0),
(4702, 3101, 1, 1, 1, 1185, 0, -117.284, -4217.52, 54.4782, 5.72857, 200, 3, 0, 69, 79, 0, 1, 0, 0, 0),
(4705, 3101, 1, 1, 1, 1185, 0, -146.677, -4244.95, 58.6887, 1.04177, 200, 0, 0, 69, 79, 0, 2, 0, 0, 0),
(6568, 3101, 1, 1, 1, 1185, 0, -151.647, -4278.49, 81.3672, 0.256826, 200, 5, 0, 69, 79, 0, 1, 0, 0, 0),
(6643, 3101, 1, 1, 1, 1185, 0, -47.9176, -4312.65, 68.7943, 6.19661, 200, 3, 0, 69, 79, 0, 1, 0, 0, 0),
(6644, 3101, 1, 1, 1, 1185, 0, -139.632, -4301.54, 65.8615, 5.17426, 200, 3, 0, 69, 79, 0, 1, 0, 0, 0),
(7508, 3101, 1, 1, 1, 1185, 0, -76.6151, -4266.42, 52.2091, 4.67274, 200, 3, 0, 69, 79, 0, 1, 0, 0, 0),
(240279, 3101, 1, 1, 1, 1185, 3101, -218.305, -4248.4, 65.2823, 1.22906, 600, 2, 0, 83, 104, 0, 1, 0, 0, 0),
(7507, 3101, 1, 1, 1, 1185, 0, -104.777, -4285.94, 62.7633, 2.47363, 200, 3, 0, 69, 79, 0, 1, 0, 0, 0),
(7509, 3101, 1, 1, 1, 1185, 0, -140.697, -4282.97, 64.2632, 1.78955, 200, 3, 0, 69, 79, 0, 1, 0, 0, 0),
(240134, 3101, 1, 1, 1, 1185, 3101, -270.651, -4382.62, 59.4293, 3.51693, 600, 2, 0, 83, 104, 0, 1, 0, 0, 0),
(7527, 3101, 1, 1, 1, 1185, 0, -43.8409, -4274.3, 68.2898, 0.919327, 200, 3, 0, 69, 79, 0, 1, 0, 0, 0),
(12290, 3101, 1, 1, 1, 1185, 0, -88.303, -4285.01, 62.0652, 4.09696, 200, 3, 0, 69, 79, 0, 1, 0, 0, 0),
(13055, 3101, 1, 1, 1, 1185, 0, -253.593, -4316.13, 56.0352, 4.1604, 200, 5, 0, 69, 79, 0, 1, 0, 0, 0),
(13060, 3101, 1, 1, 1, 1185, 0, -86.673, -4328.19, 65.8605, 3.87065, 200, 3, 0, 69, 79, 0, 1, 0, 0, 0),
(13064, 3101, 1, 1, 1, 1185, 0, -132.968, -4349.6, 67.1474, 2.61551, 200, 3, 0, 69, 79, 0, 1, 0, 0, 0),
(13067, 3101, 1, 1, 1, 1185, 0, -166.438, -4320.16, 71.1002, 0.3446, 200, 2, 0, 69, 79, 0, 1, 0, 0, 0),
(239962, 3101, 1, 1, 1, 1185, 3101, -81.6441, -4234.88, 52.2053, 1.22173, 600, 0, 0, 69, 79, 0, 0, 0, 0, 0),
(239826, 3101, 1, 1, 1, 1185, 3101, -279.183, -4352.11, 55.6263, 4.30031, 600, 0, 0, 69, 79, 0, 0, 0, 0, 0),
(239817, 3101, 1, 1, 1, 1185, 3101, -242.855, -4412.44, 63.6333, 0.020153, 600, 0, 0, 69, 79, 0, 0, 0, 0, 0),
(239617, 3101, 1, 1, 1, 1185, 3101, -255.929, -4449.96, 63.8972, 6.01454, 600, 2, 0, 83, 104, 0, 1, 0, 0, 0),
(239177, 3101, 1, 1, 1, 1185, 3101, -213.233, -4272.98, 66.6691, 2.18946, 600, 0, 0, 69, 79, 0, 0, 0, 0, 0),
(239107, 3101, 1, 1, 1, 1185, 3101, -215.127, -4348.52, 64.3854, 1.81957, 600, 2, 0, 69, 79, 0, 1, 0, 0, 0),
(239087, 3101, 1, 1, 1, 1185, 3101, -310.324, -4377.38, 55.4956, 0.281251, 600, 0, 0, 69, 79, 0, 0, 0, 0, 0),
(239027, 3101, 1, 1, 1, 1185, 3101, -302.945, -4263.43, 61.3291, 4.5847, 600, 0, 0, 69, 79, 0, 0, 0, 0, 0),
(238906, 3101, 1, 1, 1, 1185, 3101, -194.329, -4352.11, 67.3905, 1.08376, 600, 2, 0, 83, 104, 0, 1, 0, 0, 0);

-- NPC: Felstalker Deleting some extra spawn and changing locs to official ones (http://www.wowhead.com/npc=3102)
DELETE FROM `creature` WHERE `id`=3102;
INSERT INTO `creature` (`guid`,`id`,`map`,`spawnMask`,`phaseMask`,`modelid`,`equipment_id`,`position_x`,`position_y`,`position_z`,`orientation`,`spawntimesecs`,`spawndist`,`currentwaypoint`,`curhealth`,`curmana`,`DeathState`,`MovementType`,`npcflag`,`unit_flags`,`dynamicflags`) VALUES
(13068, 3102, 1, 1, 1, 850, 0, -155.104, -4357.65, 66.8764, 2.73135, 200, 3, 0, 71, 0, 0, 1, 0, 0, 0),
(13066, 3102, 1, 1, 1, 850, 0, -142.261, -4370.21, 66.9266, 3.31496, 200, 3, 0, 71, 0, 0, 1, 0, 0, 0),
(13061, 3102, 1, 1, 1, 850, 0, -114.123, -4328.78, 66.0343, 0.207349, 200, 3, 0, 71, 0, 0, 1, 0, 0, 0),
(13051, 3102, 1, 1, 1, 850, 0, -29.4838, -4265.14, 66.5683, 5.17441, 200, 3, 0, 71, 0, 0, 1, 0, 0, 0),
(13041, 3102, 1, 1, 1, 850, 0, -63.8178, -4334.02, 68.1422, 0.654413, 200, 3, 0, 71, 0, 0, 1, 0, 0, 0),
(12286, 3102, 1, 1, 1, 850, 0, -101.987, -4304.45, 62.3086, 3.38476, 200, 3, 0, 71, 0, 0, 1, 0, 0, 0),
(7986, 3102, 1, 1, 1, 850, 0, -101.482, -4206.17, 52.5035, 5.59085, 200, 3, 0, 71, 0, 0, 1, 0, 0, 0),
(7985, 3102, 1, 1, 1, 850, 0, -127.806, -4315.17, 66.3736, 0.499695, 200, 3, 0, 71, 0, 0, 1, 0, 0, 0),
(7506, 3102, 1, 1, 1, 850, 0, -89.8741, -4249.98, 51.7437, 1.35716, 200, 3, 0, 71, 0, 0, 1, 0, 0, 0),
(7504, 3102, 1, 1, 1, 850, 0, -142.249, -4236.41, 58.2515, 0.713284, 200, 3, 0, 71, 0, 0, 1, 0, 0, 0),
(4707, 3102, 1, 1, 1, 850, 0, -55.4544, -4295.25, 70.7236, 4.50468, 200, 3, 0, 71, 0, 0, 1, 0, 0, 0),
(4704, 3102, 1, 1, 1, 850, 0, -41.6024, -4332.2, 68.5942, 4.94145, 200, 5, 0, 71, 0, 0, 1, 0, 0, 0),
(4703, 3102, 1, 1, 1, 850, 0, -125.343, -4279.79, 64.8964, 3.04934, 200, 5, 0, 71, 0, 0, 1, 0, 0, 0),
(4700, 3102, 1, 1, 1, 850, 0, -28.3296, -4234.66, 67.7067, 6.23747, 200, 3, 0, 71, 0, 0, 1, 0, 0, 0),
(242061, 3102, 1, 1, 1, 850, 3102, -60.0129, -4220.1, 62.2781, 1.28397, 600, 2, 0, 71, 0, 0, 1, 0, 0, 0);

-- NPC: Lazy Peon Deleting some extra spawn and changing locs to official ones (http://www.wowhead.com/npc=10556)
DELETE FROM `creature` WHERE `id`=10556;
INSERT INTO `creature` (`guid`,`id`,`map`,`spawnMask`,`phaseMask`,`modelid`,`equipment_id`,`position_x`,`position_y`,`position_z`,`orientation`,`spawntimesecs`,`spawndist`,`currentwaypoint`,`curhealth`,`curmana`,`DeathState`,`MovementType`,`npcflag`,`unit_flags`,`dynamicflags`) VALUES
(7376, 10556, 1, 1, 1, 10038, 0, -493.199, -4459.97, 51.486, 2.91768, 200, 0, 0, 86, 0, 0, 0, 0, 0, 0),
(7375, 10556, 1, 1, 1, 10038, 0, -268.79, -4138.25, 56.1072, 5.68089, 200, 5, 0, 86, 0, 0, 1, 0, 0, 0),
(7374, 10556, 1, 1, 1, 10038, 0, -620.841, -4337.35, 41.1267, 4.69242, 200, 0, 0, 86, 0, 0, 0, 0, 0, 0),
(6527, 10556, 1, 1, 1, 10038, 0, -755.238, -4147.15, 37.6188, 1.34026, 200, 0, 0, 86, 0, 0, 0, 0, 0, 0),
(6526, 10556, 1, 1, 1, 10038, 0, -365.319, -4014.74, 51.6935, 3.23486, 200, 0, 0, 86, 0, 0, 0, 0, 0, 0),
(6525, 10556, 1, 1, 1, 10038, 0, -754.633, -4320.33, 43.05, 3.94093, 200, 0, 0, 86, 0, 0, 0, 0, 0, 0),
(3348, 10556, 1, 1, 1, 10038, 0, -517.379, -4378.11, 46.2565, 0.328128, 200, 5, 0, 86, 0, 0, 1, 0, 0, 0),
(3347, 10556, 1, 1, 1, 10038, 0, -235.464, -4447.64, 63.313, 6.25609, 200, 0, 0, 86, 0, 0, 0, 0, 0, 0),
(3346, 10556, 1, 1, 1, 10038, 0, -330.263, -4428.62, 54.0204, 4.20051, 200, 0, 0, 86, 0, 0, 0, 0, 0, 0),
(3345, 10556, 1, 1, 1, 10038, 0, -227.913, -4277.76, 65.3336, 5.04721, 200, 0, 0, 86, 0, 0, 0, 0, 0, 0),
(241004, 10556, 1, 1, 1, 10038, 10556, -687.803, -4106.02, 30.1859, 4.11255, 600, 0, 0, 86, 0, 0, 0, 0, 0, 0),
(240607, 10556, 1, 1, 1, 10038, 10556, -316.193, -4132.23, 52.919, 1.52692, 600, 0, 0, 86, 0, 0, 0, 0, 0, 0),
(240313, 10556, 1, 1, 1, 10038, 10556, -606.863, -4115.31, 74.7197, 3.16389, 600, 0, 0, 86, 0, 0, 0, 0, 0, 0),
(240226, 10556, 1, 1, 1, 10038, 10556, -769.444, -4202.48, 43.6896, 2.3272, 600, 0, 0, 86, 0, 0, 0, 0, 0, 0),
(240224, 10556, 1, 1, 1, 10038, 10556, -630.647, -4468.39, 46.8479, 4.39525, 600, 0, 0, 86, 0, 0, 0, 0, 0, 0),
(239906, 10556, 1, 1, 1, 10038, 10556, -788.945, -4251.4, 55.6896, 1.93827, 600, 0, 0, 86, 0, 0, 0, 0, 0, 0),
(239525, 10556, 1, 1, 1, 10038, 10556, -410.381, -4099.28, 49.7579, 6.20067, 600, 0, 0, 86, 0, 0, 0, 0, 0, 0),
(239441, 10556, 1, 1, 1, 10038, 10556, -210.042, -4230.98, 63.4541, 2.01456, 600, 0, 0, 86, 0, 0, 0, 0, 0, 0),
(239030, 10556, 1, 1, 1, 10038, 10556, -559.127, -4067.93, 72.4595, 6.12337, 600, 0, 0, 86, 0, 0, 0, 0, 0, 0),
(239029, 10556, 1, 1, 1, 10038, 10556, -655.11, -4296.83, 41.1179, 3.47627, 600, 0, 0, 86, 0, 0, 0, 0, 0, 0);

-- NPC: Yarrog Baneshadow Corrrect loc taking from official (http://www.wowhead.com/npc=3183)
DELETE FROM `creature` WHERE `id`=3183;
INSERT INTO `creature` (`guid`,`id`,`map`,`spawnMask`,`phaseMask`,`modelid`,`equipment_id`,`position_x`,`position_y`,`position_z`,`orientation`,`spawntimesecs`,`spawndist`,`currentwaypoint`,`curhealth`,`curmana`,`DeathState`,`MovementType`,`npcflag`,`unit_flags`,`dynamicflags`) VALUES
(12303, 3183, 1, 1, 1, 1876, 0, -76.882, -4203.08, 49.9143, 3.74356, 200, 0, 0, 98, 138, 0, 0, 0, 0, 0);

-- NPC: Kaltunk Deleting EventAI is no talikin on official (http://www.wowhead.com/npc=10176)
DELETE FROM `creature_ai_scripts` WHERE (`creature_id`=10176);
UPDATE `creature_template` SET `ainame`='' WHERE `entry`='10176';

-- --------------
-- WayPoints
-- --------------
-- VISUAL: Vile Familiar Waypoints and enotes Taking from oficial (http://www.wowhead.com/npc=3101)
-- Set wp for creature
DELETE FROM `creature_addon` WHERE (`guid`=241468);
INSERT INTO `creature_addon` (`guid`, `path_id`, `mount`, `bytes1`, `bytes2`, `emote`, `auras`) VALUES 
(241468, '241468', 0, 0, 1, 0, '');

-- Waypoint movement type
UPDATE `creature` SET `MovementType`='2' WHERE `guid`='241468';

-- Waypoint data
DELETE FROM `waypoint_data` WHERE `id`='241468';
INSERT INTO `waypoint_data` (`id`, `point`, `position_x`, `position_y`, `position_z`, `delay`, `move_flag`, `action`, `action_chance`, `wpguid`) VALUES
('241468','1','-130.013','-4350.46','66.9904','50000','0','0','100','0'),
('241468','2','-130.398','-4353.94','67.3412','0','0','0','100','0'),
('241468','3','-132.064','-4360.49','67.1414','0','0','0','100','0'),
('241468','4','-135.324','-4366.03','66.4803','0','0','0','100','0'),
('241468','5','-143.001','-4367.22','67.1582','0','0','0','100','0'),
('241468','6','-145.839','-4365.17','67.7978','0','0','0','100','0'),
('241468','7','-152.647','-4358.41','67.3287','0','0','0','100','0'),
('241468','8','-156.069','-4357.02','66.6408','0','0','0','100','0'),
('241468','9','-160.874','-4360.3','67.2625','0','0','0','100','0'),
('241468','10','-160.874','-4360.3','67.2625','0','0','0','100','0'),
('241468','11','-153.069','-4358.55','67.2112','0','0','0','100','0'),
('241468','12','-150.284','-4359.89','68.3158','0','0','0','100','0'),
('241468','13','-148.099','-4364.93','68.2857','0','0','0','100','0'),
('241468','14','-140.85','-4368.95','66.6372','0','0','0','100','0'),
('241468','15','-135.496','-4366.31','66.433','0','0','0','100','0'),
('241468','16','-133.018','-4363.55','66.9116','0','0','0','100','0'),
('241468','17','-130.808','-4356.31','67.3044','0','0','0','100','0'),
('241468','18','-129.507','-4353.06','67.342','0','0','0','100','0'),
('241468','19','-128.661','-4348.09','66.762','0','0','0','100','0'),
('241468','20','-129.63','-4349.08','67.0444','0','0','0','100','0');

-- VISUAL: Vile Familiar Waypoints and enotes Taking from oficial (http://www.wowhead.com/npc=3101)
-- Set wp for creature
DELETE FROM `creature_addon` WHERE (`guid`=240455);
INSERT INTO `creature_addon` (`guid`, `path_id`, `mount`, `bytes1`, `bytes2`, `emote`, `auras`) VALUES 
(240455, '240455', 0, 0, 1, 0, '');

-- Waypoint movement type
UPDATE `creature` SET `MovementType`='2' WHERE `guid`='240455';

-- Waypoint data
DELETE FROM `waypoint_data` WHERE `id`='240455';
INSERT INTO `waypoint_data` (`id`, `point`, `position_x`, `position_y`, `position_z`, `delay`, `move_flag`, `action`, `action_chance`, `wpguid`) VALUES
('240455','20','-108.105','-4284.59','63.5463','0','0','0','100','0'),
('240455','19','-111.532','-4283.89','63.9627','0','0','0','100','0'),
('240455','18','-118.468','-4282.96','64.5703','0','0','0','100','0'),
('240455','17','-125.426','-4282.19','65.0281','0','0','0','100','0'),
('240455','16','-128.894','-4281.73','64.9766','0','0','0','100','0'),
('240455','15','-133.497','-4280.48','64.4544','0','0','0','100','0'),
('240455','14','-140.258','-4278.38','63.8184','0','0','0','100','0'),
('240455','13','-141.884','-4278.34','63.6413','0','0','0','100','0'),
('240455','12','-143.129','-4282.42','64.268','0','0','0','100','0'),
('240455','11','-141.018','-4289.09','65.3292','0','0','0','100','0'),
('240455','10','-139.748','-4292.35','65.6231','0','0','0','100','0'),
('240455','9','-139.153','-4296.5','65.4599','0','0','0','100','0'),
('240455','8','-138.485','-4301.57','65.6988','0','0','0','100','0'),
('240455','7','-136.436','-4306.28','66.5534','0','0','0','100','0'),
('240455','6','-133.274','-4312.53','66.3158','0','0','0','100','0'),
('240455','5','-129.526','-4317.15','66.0486','0','0','0','100','0'),
('240455','4','-124.73','-4317.37','66.1793','0','0','0','100','0'),
('240455','3','-122.821','-4316.24','66.3414','0','0','0','100','0'),
('240455','2','-120.025','-4314.13','66.2152','0','0','0','100','0'),
('240455','1','-117.347','-4311.88','66.0399','0','0','0','100','0'),
('240455','21','-101.092','-4287.71','62.17','0','0','0','100','0'),
('240455','22','-97.164','-4292.82','60.9288','0','0','0','100','0'),
('240455','23','-96.8969','-4297.8','61.172','0','0','0','100','0'),
('240455','24','-99.8159','-4300.94','61.4511','0','0','0','100','0'),
('240455','25','-106.188','-4303.84','61.9245','0','0','0','100','0'),
('240455','26','-109.155','-4305.67','62.3025','0','0','0','100','0'),
('240455','27','-114.662','-4309.99','64.8719','0','0','0','100','0'),
('240455','28','-116.052','-4311.05','65.6976','0','0','0','100','0');

-- VISUAL: Vile Familiar Waypoints and enotes Taking from oficial (http://www.wowhead.com/npc=3101)
-- Set wp for creature
DELETE FROM `creature_addon` WHERE (`guid`=4705);
INSERT INTO `creature_addon` (`guid`, `path_id`, `mount`, `bytes1`, `bytes2`, `emote`, `auras`) VALUES 
(4705, '4705', 0, 0, 1, 0, '');

-- Waypoint movement type
UPDATE `creature` SET `MovementType`='2' WHERE `guid`='4705';

-- Waypoint data
DELETE FROM `waypoint_data` WHERE `id`='4705';
INSERT INTO `waypoint_data` (`id`, `point`, `position_x`, `position_y`, `position_z`, `delay`, `move_flag`, `action`, `action_chance`, `wpguid`) VALUES
('4705','1','-146.677','-4244.95','58.6887','0','0','0','100','0'),
('4705','2','-144.92','-4241.92','57.9273','0','0','0','100','0'),
('4705','3','-139.349','-4235.64','58.0058','0','0','0','100','0'),
('4705','4','-133.723','-4233.08','58.0644','0','0','0','100','0'),
('4705','5','-129.487','-4229.15','57.4584','0','0','0','100','0'),
('4705','6','-129.487','-4229.15','57.4584','0','0','0','100','0'),
('4705','7','-126.045','-4224.58','55.6275','0','0','0','100','0'),
('4705','8','-123.58','-4222.1','54.7985','0','0','0','100','0'),
('4705','9','-119.064','-4218.81','54.6783','0','0','0','100','0'),
('4705','10','-112.876','-4213.38','54.829','0','0','0','100','0'),
('4705','11','-104.651','-4205.95','53.8405','0','0','0','100','0'),
('4705','12','-94.6535','-4203.25','51.0341','0','0','0','100','0'),
('4705','13','-86.3803','-4204.26','49.9492','0','0','0','100','0'),
('4705','14','-81.7484','-4208.9','50.14','0','0','0','100','0'),
('4705','15','-79.5869','-4213.52','50.874','0','0','0','100','0'),
('4705','16','-79.2645','-4221.31','52.9535','0','0','0','100','0'),
('4705','17','-80.5788','-4228.19','53.3734','0','0','0','100','0'),
('4705','18','-82.5189','-4234.91','53.3122','0','0','0','100','0'),
('4705','19','-86.9562','-4243.04','51.9884','0','0','0','100','0'),
('4705','20','-93.0329','-4248.14','51.6059','0','0','0','100','0'),
('4705','21','-95.8278','-4250.44','51.8956','0','0','0','100','0'),
('4705','22','-90.1153','-4245.45','51.4849','0','0','0','100','0'),
('4705','23','-84.4759','-4236.77','53.0592','0','0','0','100','0'),
('4705','24','-80.6928','-4229.02','53.3901','0','0','0','100','0'),
('4705','25','-79.8385','-4217.91','51.7459','0','0','0','100','0'),
('4705','26','-81.4475','-4211.1','50.5285','0','0','0','100','0'),
('4705','27','-85.9425','-4202.34','50.0544','0','0','0','100','0'),
('4705','28','-93.7577','-4199.22','51.2345','0','0','0','100','0'),
('4705','29','-99.7737','-4202.92','51.9853','0','0','0','100','0'),
('4705','30','-105.148','-4207.41','54.1446','0','0','0','100','0'),
('4705','31','-113.044','-4214.32','54.6852','0','0','0','100','0'),
('4705','32','-118.25','-4219','54.5708','0','0','0','100','0'),
('4705','33','-126.095','-4225.06','55.6656','0','0','0','100','0'),
('4705','34','-132.395','-4231.29','57.924','0','0','0','100','0'),
('4705','35','-138.265','-4235.1','57.976','0','0','0','100','0'),
('4705','36','-144.121','-4239.29','57.8093','0','0','0','100','0'),
('4705','37','-146.686','-4245.98','58.7429','0','0','0','100','0'),
('4705','38','-149.007','-4253.92','60.0468','0','0','0','100','0'),
('4705','39','-151.29','-4260.53','60.8387','0','0','0','100','0'),
('4705','40','-152.253','-4266.78','61.7742','0','0','0','100','0'),
('4705','41','-149.342','-4272.21','62.7218','0','0','0','100','0'),
('4705','42','-149.342','-4272.21','62.7218','0','0','0','100','0'),
('4705','43','-150.662','-4265.34','61.948','0','0','0','100','0'),
('4705','44','-150.851','-4257.24','60.4607','0','0','0','100','0'),
('4705','45','-148.521','-4249.66','59.0833','0','0','0','100','0'),
('4705','46','-147.224','-4246.3','58.7388','0','0','0','100','0');

-- VISUAL: Vile Familiar Waypoints and enotes Taking from oficial (http://www.wowhead.com/npc=3101)
-- Set wp for creature
DELETE FROM `creature_addon` WHERE (`guid`=242285);
INSERT INTO `creature_addon` (`guid`, `path_id`, `mount`, `bytes1`, `bytes2`, `emote`, `auras`) VALUES 
(242285, '242285', 0, 0, 1, 0, '');

-- Waypoint movement type
UPDATE `creature` SET `MovementType`='2' WHERE `guid`='242285';

-- Waypoint data
DELETE FROM `waypoint_data` WHERE `id`='242285';
INSERT INTO `waypoint_data` (`id`, `point`, `position_x`, `position_y`, `position_z`, `delay`, `move_flag`, `action`, `action_chance`, `wpguid`) VALUES
('242285','42','-47.9425','-4223.5','62.5764','0','0','0','100','0'),
('242285','41','-50.0857','-4222.59','62.1263','0','0','0','100','0'),
('242285','40','-47.8701','-4222.85','62.5293','0','0','0','100','0'),
('242285','39','-41.8022','-4226.33','64.2084','0','0','0','100','0'),
('242285','38','-35.7352','-4229.83','65.9265','0','0','0','100','0'),
('242285','37','-32.2892','-4234.8','67.5557','0','0','0','100','0'),
('242285','36','-29.7284','-4241.32','68.5432','0','0','0','100','0'),
('242285','35','-25.3507','-4250.84','67.722','0','0','0','100','0'),
('242285','34','-23.7619','-4253.96','67.2943','0','0','0','100','0'),
('242285','33','-21.2828','-4258.3','66.674','0','0','0','100','0'),
('242285','32','-25.6143','-4263.64','66.6354','0','0','0','100','0'),
('242285','31','-28.939','-4266.37','66.6132','0','0','0','100','0'),
('242285','30','-37.4968','-4270.05','67.2333','0','0','0','100','0'),
('242285','29','-44.0244','-4272.58','68.2551','0','0','0','100','0'),
('242285','28','-50.5441','-4275.13','69.0534','0','0','0','100','0'),
('242285','27','-54.6883','-4278.21','69.887','0','0','0','100','0'),
('242285','26','-55.565','-4285.03','69.9968','0','0','0','100','0'),
('242285','25','-53.9555','-4291.84','70.8534','0','0','0','100','0'),
('242285','24','-53.3183','-4299.51','70.6283','0','0','0','100','0'),
('242285','23','-51.5592','-4303.28','69.6071','0','0','0','100','0'),
('242285','22','-45.0964','-4307.79','69.6836','0','0','0','100','0'),
('242285','21','-38.9878','-4311.21','70.3093','0','0','0','100','0'),
('242285','20','-41.1528','-4309.44','70.1376','0','0','0','100','0'),
('242285','19','-46.5259','-4304.95','69.8574','0','0','0','100','0'),
('242285','18','-50.9359','-4298.51','71.3341','0','0','0','100','0'),
('242285','17','-53.9719','-4293.27','70.8442','0','0','0','100','0'),
('242285','16','-56.5073','-4287.13','70.2252','0','0','0','100','0'),
('242285','15','-57.5944','-4277.8','70.7084','0','0','0','100','0'),
('242285','14','-52.1403','-4274.4','69.4577','0','0','0','100','0'),
('242285','13','-45.868','-4272.56','68.5226','0','0','0','100','0'),
('242285','12','-39.2717','-4270.25','67.5823','0','0','0','100','0'),
('242285','11','-32.9514','-4267.25','66.8903','0','0','0','100','0'),
('242285','10','-26.6768','-4264.15','66.6566','0','0','0','100','0'),
('242285','9','-23.5641','-4261.33','66.4983','0','0','0','100','0'),
('242285','8','-23.8576','-4256.3','67.013','0','0','0','100','0'),
('242285','7','-26.6237','-4249.88','68.076','0','0','0','100','0'),
('242285','6','-27.0776','-4241.76','68.2615','0','0','0','100','0'),
('242285','5','-28.1662','-4237.72','68.0803','0','0','0','100','0'),
('242285','4','-32.1059','-4231.29','66.7261','0','0','0','100','0'),
('242285','3','-40.7997','-4227.17','64.5847','0','0','0','100','0'),
('242285','2','-46.578','-4224.69','62.9186','0','0','0','100','0'),
('242285','1','-49.6256','-4222.97','62.241','0','0','0','100','0');

-- ------
-- QUEST
-- ------
-- Cutting Teeth Need Prev Quest (http://www.wowhead.com/quest=25126)
UPDATE `quest_template` SET `PrevQuestId`='25152', `RequiredRaces`='2', `SkillOrClassMask`='0', `NextQuestId`='25172' WHERE `entry`='25126';
-- Invaders in Our Home Need Prev Quest (http://www.wowhead.com/quest=25126)
UPDATE `quest_template` SET `PrevQuestId`='25126', `RequiredRaces`='2', `NextQuestId`='25127' WHERE `entry`='25172';
-- Rune-Inscribed Parchment Need Prev Quest (http://www.wowhead.com/quest=3089)
UPDATE `quest_template` SET `PrevQuestId`='25172', `RequiredRaces`='2', `SkillOrClassMask`='-64', `ZoneOrSort`='363' WHERE `entry`='3089';
-- Primal Strike Is for Orcs no for Alliance clases and fix (http://www.wowhead.com/quest=25143)
UPDATE `quest_template` SET `RequiredRaces`='2', `SkillOrClassMask`='-64',`PrevQuestId`='3089', `ZoneOrSort`='363', `ReqCreatureOrGOId1`='44820', `ReqSpellCast1`='73899' WHERE `entry`='25143';
-- Tainted Parchment Need Prev Quest (http://www.wowhead.com/quest=3090)
UPDATE `quest_template` SET `PrevQuestId`='25172', `RequiredRaces`='2', `SkillOrClassMask`='-256', `ZoneOrSort`='363' WHERE `entry`='3090';
-- Inmolate Is for Orcs no for Alliance clases and fix (http://www.wowhead.com/quest=25145)
UPDATE `quest_template` SET `RequiredRaces`='2', `SkillOrClassMask`='-256',`PrevQuestId`='3090', `ZoneOrSort`='363', `ReqCreatureOrGOId1`='44820', `ReqSpellCast1`='348' WHERE `entry`='25145';
-- Tainted Parchment Need Prev Quest (http://www.wowhead.com/quest=3087)
UPDATE `quest_template` SET `PrevQuestId`='25172', `RequiredRaces`='2', `SkillOrClassMask`='-4', `ZoneOrSort`='363', `QuestFlags`='524288' WHERE `entry`='3087';
-- Steady Shot Is for Orcs no for Alliance clases and fix (http://www.wowhead.com/quest=25139)
UPDATE `quest_template` SET `RequiredRaces`='2', `SkillOrClassMask`='-4',`PrevQuestId`='3087', `ZoneOrSort`='363', `ReqCreatureOrGOId1`='44820', `ReqSpellCast1`='56641' WHERE `entry`='25139';
-- Glyphic Parchment Need Prev Quest (http://www.wowhead.com/quest=25138)
UPDATE `quest_template` SET `PrevQuestId`='25172', `RequiredRaces`='2', `SkillOrClassMask`='-128', `ZoneOrSort`='363', `QuestFlags`='524288' WHERE `entry`='25138';
-- Arcane Missiles Is for Orcs no for Alliance clases and fix (http://www.wowhead.com/quest=25149)
UPDATE `quest_template` SET `RequiredRaces`='2', `SkillOrClassMask`='-128',`PrevQuestId`='25138', `ZoneOrSort`='363', `ReqCreatureOrGOId1`='44820', `ReqSpellCast1`='5143' WHERE `entry`='25149';
-- Encrypted Parchment Need Prev Quest (http://www.wowhead.com/quest=3088)
UPDATE `quest_template` SET `PrevQuestId`='25172', `RequiredRaces`='2', `SkillOrClassMask`='-8', `ZoneOrSort`='363', `QuestFlags`='524288' WHERE `entry`='3088';
-- Eviscerate Is for Orcs no for Alliance clases and fix (http://www.wowhead.com/quest=25141)
UPDATE `quest_template` SET `RequiredRaces`='2', `SkillOrClassMask`='-8',`PrevQuestId`='3088', `ZoneOrSort`='363', `ReqCreatureOrGOId1`='44820', `ReqSpellCast1`='2098' WHERE `entry`='25141';
-- Simple Parchment Need Prev Quest (http://www.wowhead.com/quest=2383)
UPDATE `quest_template` SET `PrevQuestId`='25172', `RequiredRaces`='2', `SkillOrClassMask`='-17', `ZoneOrSort`='363', `QuestFlags`='524288' WHERE `entry`='2383';
-- Charge Is for Orcs no for Alliance clases and fix (http://www.wowhead.com/quest=25141)
UPDATE `quest_template` SET `RequiredRaces`='2', `SkillOrClassMask`='-17',`PrevQuestId`='2383', `ZoneOrSort`='363', `ReqCreatureOrGOId1`='44820', `ReqSpellCast1`='100' WHERE `entry`='25147';

-- Galgar's Cactus Apple Surprise Need Prev Quest (http://www.wowhead.com/quest=25136)
UPDATE `quest_template` SET `PrevQuestId`='25126',`RequiredRaces`='2' WHERE `entry`='25136';
-- Lazy Peons Need Prev Quest (http://www.wowhead.com/quest=25134)
UPDATE `quest_template` SET `PrevQuestId`='25126',`RequiredRaces`='2' WHERE `entry`='25134';
-- Hana'zua Need Prev Quest (http://www.wowhead.com/quest=25128)
UPDATE `quest_template` SET `PrevQuestId`='25127',`RequiredRaces`='2', `nextquestid`='25130' WHERE `entry`='25128';
-- Back to the Den Need Prev Quest (http://www.wowhead.com/quest=25130)
UPDATE `quest_template` SET `PrevQuestId`='25128',`RequiredRaces`='2' WHERE `entry`='25130';
-- Vile Familiars Need Prev Quest (http://www.wowhead.com/quest=25131)
UPDATE `quest_template` SET `PrevQuestId`='25127',`RequiredRaces`='2', `nextquestid`='25132' WHERE `entry`='25131';
-- Thazz'ril's Pick Need Prev Quest (http://www.wowhead.com/quest=25135)
UPDATE `quest_template` SET `PrevQuestId`='25131',`RequiredRaces`='2' WHERE `entry`='25135';

-- -----
-- SAI
-- -----
-- SAI: Felstalker this creature need SAI (http://www.wowhead.com/npc=3102)
SET @ENTRY := 3102;
SET @SOURCETYPE := 0;

DELETE FROM `smart_scripts` WHERE `entryorguid`=@ENTRY AND `source_type`=@SOURCETYPE;
UPDATE creature_template SET AIName="SmartAI" WHERE entry=@ENTRY LIMIT 1;
INSERT INTO `smart_scripts` (`entryorguid`,`source_type`,`id`,`link`,`event_type`,`event_phase_mask`,`event_chance`,`event_flags`,`event_param1`,`event_param2`,`event_param3`,`event_param4`,`action_type`,`action_param1`,`action_param2`,`action_param3`,`action_param4`,`action_param5`,`action_param6`,`target_type`,`target_param1`,`target_param2`,`target_param3`,`target_x`,`target_y`,`target_z`,`target_o`,`comment`) VALUES 
(@ENTRY,@SOURCETYPE,0,0,0,0,100,0,2000,3000,7000,80000,11,79619,0,0,0,0,0,2,0,0,0,0.0,0.0,0.0,0.0,"On IC Cast - Drain Life");